FullName;Email
Cliente_1;cliente1@mail.com
Cliente_2;cliente2@mail.com
Cliente_3;cliente3@mail.com
Cliente_4;cliente4@mail.com
Cliente_5;cliente5@mail.com
Cliente_6;cliente6@mail.com
Cliente_7;cliente7@mail.com
Cliente_8;cliente8@mail.com
Cliente_9;cliente9@mail.com
Cliente_10;cliente10@mail.com
Cliente_11;cliente11@mail.com
Cliente_12;cliente12@mail.com
Cliente_13;cliente13@mail.com
Cliente_14;cliente14@mail.com
Cliente_15;cliente15@mail.com
Cliente_16;cliente16@mail.com
Cliente_17;cliente17@mail.com
Cliente_18;cliente18@mail.com
Cliente_19;cliente19@mail.com
Cliente_20;cliente20@mail.com
Cliente_21;cliente21@mail.com
Cliente_22;cliente22@mail.com
Cliente_23;cliente23@mail.com
Cliente_24;cliente24@mail.com
Cliente_25;cliente25@mail.com
Cliente_26;cliente26@mail.com
Cliente_27;cliente27@mail.com
Cliente_28;cliente28@mail.com
Cliente_29;cliente29@mail.com
Cliente_30;cliente30@mail.com
Cliente_31;cliente31@mail.com
Cliente_32;cliente32@mail.com
Cliente_33;cliente33@mail.com
Cliente_34;cliente34@mail.com
Cliente_35;cliente35@mail.com
Cliente_36;cliente36@mail.com
Cliente_37;cliente37@mail.com
Cliente_38;cliente38@mail.com
Cliente_39;cliente39@mail.com
Cliente_40;cliente40@mail.com
Cliente_41;cliente41@mail.com
Cliente_42;cliente42@mail.com
Cliente_43;cliente43@mail.com
Cliente_44;cliente44@mail.com
Cliente_45;cliente45@mail.com
Cliente_46;cliente46@mail.com
Cliente_47;cliente47@mail.com
Cliente_48;cliente48@mail.com
Cliente_49;cliente49@mail.com
Cliente_50;cliente50@mail.com
Cliente_51;cliente51@mail.com
Cliente_52;cliente52@mail.com
Cliente_53;cliente53@mail.com
Cliente_54;cliente54@mail.com
Cliente_55;cliente55@mail.com
Cliente_56;cliente56@mail.com
Cliente_57;cliente57@mail.com
Cliente_58;cliente58@mail.com
Cliente_59;cliente59@mail.com
Cliente_60;cliente60@mail.com
Cliente_61;cliente61@mail.com
Cliente_62;cliente62@mail.com
Cliente_63;cliente63@mail.com
Cliente_64;cliente64@mail.com
Cliente_65;cliente65@mail.com
Cliente_66;cliente66@mail.com
Cliente_67;cliente67@mail.com
Cliente_68;cliente68@mail.com
Cliente_69;cliente69@mail.com
Cliente_70;cliente70@mail.com
Cliente_71;cliente71@mail.com
Cliente_72;cliente72@mail.com
Cliente_73;cliente73@mail.com
Cliente_74;cliente74@mail.com
Cliente_75;cliente75@mail.com
Cliente_76;cliente76@mail.com
Cliente_77;cliente77@mail.com
Cliente_78;cliente78@mail.com
Cliente_79;cliente79@mail.com
Cliente_80;cliente80@mail.com
Cliente_81;cliente81@mail.com
Cliente_82;cliente82@mail.com
Cliente_83;cliente83@mail.com
Cliente_84;cliente84@mail.com
Cliente_85;cliente85@mail.com
Cliente_86;cliente86@mail.com
Cliente_87;cliente87@mail.com
Cliente_88;cliente88@mail.com
Cliente_89;cliente89@mail.com
Cliente_90;cliente90@mail.com
Cliente_91;cliente91@mail.com
Cliente_92;cliente92@mail.com
Cliente_93;cliente93@mail.com
Cliente_94;cliente94@mail.com
Cliente_95;cliente95@mail.com
Cliente_96;cliente96@mail.com
Cliente_97;cliente97@mail.com
Cliente_98;cliente98@mail.com
Cliente_99;cliente99@mail.com
Cliente_100;cliente100@mail.com
Cliente_101;cliente101@mail.com
Cliente_102;cliente102@mail.com
Cliente_103;cliente103@mail.com
Cliente_104;cliente104@mail.com
Cliente_105;cliente105@mail.com
Cliente_106;cliente106@mail.com
Cliente_107;cliente107@mail.com
Cliente_108;cliente108@mail.com
Cliente_109;cliente109@mail.com
Cliente_110;cliente110@mail.com
Cliente_111;cliente111@mail.com
Cliente_112;cliente112@mail.com
Cliente_113;cliente113@mail.com
Cliente_114;cliente114@mail.com
Cliente_115;cliente115@mail.com
Cliente_116;cliente116@mail.com
Cliente_117;cliente117@mail.com
Cliente_118;cliente118@mail.com
Cliente_119;cliente119@mail.com
Cliente_120;cliente120@mail.com
Cliente_121;cliente121@mail.com
Cliente_122;cliente122@mail.com
Cliente_123;cliente123@mail.com
Cliente_124;cliente124@mail.com
Cliente_125;cliente125@mail.com
Cliente_126;cliente126@mail.com
Cliente_127;cliente127@mail.com
Cliente_128;cliente128@mail.com
Cliente_129;cliente129@mail.com
Cliente_130;cliente130@mail.com
Cliente_131;cliente131@mail.com
Cliente_132;cliente132@mail.com
Cliente_133;cliente133@mail.com
Cliente_134;cliente134@mail.com
Cliente_135;cliente135@mail.com
Cliente_136;cliente136@mail.com
Cliente_137;cliente137@mail.com
Cliente_138;cliente138@mail.com
Cliente_139;cliente139@mail.com
Cliente_140;cliente140@mail.com
Cliente_141;cliente141@mail.com
Cliente_142;cliente142@mail.com
Cliente_143;cliente143@mail.com
Cliente_144;cliente144@mail.com
Cliente_145;cliente145@mail.com
Cliente_146;cliente146@mail.com
Cliente_147;cliente147@mail.com
Cliente_148;cliente148@mail.com
Cliente_149;cliente149@mail.com
Cliente_150;cliente150@mail.com
Cliente_151;cliente151@mail.com
Cliente_152;cliente152@mail.com
Cliente_153;cliente153@mail.com
Cliente_154;cliente154@mail.com
Cliente_155;cliente155@mail.com
Cliente_156;cliente156@mail.com
Cliente_157;cliente157@mail.com
Cliente_158;cliente158@mail.com
Cliente_159;cliente159@mail.com
Cliente_160;cliente160@mail.com
Cliente_161;cliente161@mail.com
Cliente_162;cliente162@mail.com
Cliente_163;cliente163@mail.com
Cliente_164;cliente164@mail.com
Cliente_165;cliente165@mail.com
Cliente_166;cliente166@mail.com
Cliente_167;cliente167@mail.com
Cliente_168;cliente168@mail.com
Cliente_169;cliente169@mail.com
Cliente_170;cliente170@mail.com
Cliente_171;cliente171@mail.com
Cliente_172;cliente172@mail.com
Cliente_173;cliente173@mail.com
Cliente_174;cliente174@mail.com
Cliente_175;cliente175@mail.com
Cliente_176;cliente176@mail.com
Cliente_177;cliente177@mail.com
Cliente_178;cliente178@mail.com
Cliente_179;cliente179@mail.com
Cliente_180;cliente180@mail.com
Cliente_181;cliente181@mail.com
Cliente_182;cliente182@mail.com
Cliente_183;cliente183@mail.com
Cliente_184;cliente184@mail.com
Cliente_185;cliente185@mail.com
Cliente_186;cliente186@mail.com
Cliente_187;cliente187@mail.com
Cliente_188;cliente188@mail.com
Cliente_189;cliente189@mail.com
Cliente_190;cliente190@mail.com
Cliente_191;cliente191@mail.com
Cliente_192;cliente192@mail.com
Cliente_193;cliente193@mail.com
Cliente_194;cliente194@mail.com
Cliente_195;cliente195@mail.com
Cliente_196;cliente196@mail.com
Cliente_197;cliente197@mail.com
Cliente_198;cliente198@mail.com
Cliente_199;cliente199@mail.com
Cliente_200;cliente200@mail.com
Cliente_201;cliente201@mail.com
Cliente_202;cliente202@mail.com
Cliente_203;cliente203@mail.com
Cliente_204;cliente204@mail.com
Cliente_205;cliente205@mail.com
Cliente_206;cliente206@mail.com
Cliente_207;cliente207@mail.com
Cliente_208;cliente208@mail.com
Cliente_209;cliente209@mail.com
Cliente_210;cliente210@mail.com
Cliente_211;cliente211@mail.com
Cliente_212;cliente212@mail.com
Cliente_213;cliente213@mail.com
Cliente_214;cliente214@mail.com
Cliente_215;cliente215@mail.com
Cliente_216;cliente216@mail.com
Cliente_217;cliente217@mail.com
Cliente_218;cliente218@mail.com
Cliente_219;cliente219@mail.com
Cliente_220;cliente220@mail.com
Cliente_221;cliente221@mail.com
Cliente_222;cliente222@mail.com
Cliente_223;cliente223@mail.com
Cliente_224;cliente224@mail.com
Cliente_225;cliente225@mail.com
Cliente_226;cliente226@mail.com
Cliente_227;cliente227@mail.com
Cliente_228;cliente228@mail.com
Cliente_229;cliente229@mail.com
Cliente_230;cliente230@mail.com
Cliente_231;cliente231@mail.com
Cliente_232;cliente232@mail.com
Cliente_233;cliente233@mail.com
Cliente_234;cliente234@mail.com
Cliente_235;cliente235@mail.com
Cliente_236;cliente236@mail.com
Cliente_237;cliente237@mail.com
Cliente_238;cliente238@mail.com
Cliente_239;cliente239@mail.com
Cliente_240;cliente240@mail.com
Cliente_241;cliente241@mail.com
Cliente_242;cliente242@mail.com
Cliente_243;cliente243@mail.com
Cliente_244;cliente244@mail.com
Cliente_245;cliente245@mail.com
Cliente_246;cliente246@mail.com
Cliente_247;cliente247@mail.com
Cliente_248;cliente248@mail.com
Cliente_249;cliente249@mail.com
Cliente_250;cliente250@mail.com
Cliente_251;cliente251@mail.com
Cliente_252;cliente252@mail.com
Cliente_253;cliente253@mail.com
Cliente_254;cliente254@mail.com
Cliente_255;cliente255@mail.com
Cliente_256;cliente256@mail.com
Cliente_257;cliente257@mail.com
Cliente_258;cliente258@mail.com
Cliente_259;cliente259@mail.com
Cliente_260;cliente260@mail.com
Cliente_261;cliente261@mail.com
Cliente_262;cliente262@mail.com
Cliente_263;cliente263@mail.com
Cliente_264;cliente264@mail.com
Cliente_265;cliente265@mail.com
Cliente_266;cliente266@mail.com
Cliente_267;cliente267@mail.com
Cliente_268;cliente268@mail.com
Cliente_269;cliente269@mail.com
Cliente_270;cliente270@mail.com
Cliente_271;cliente271@mail.com
Cliente_272;cliente272@mail.com
Cliente_273;cliente273@mail.com
Cliente_274;cliente274@mail.com
Cliente_275;cliente275@mail.com
Cliente_276;cliente276@mail.com
Cliente_277;cliente277@mail.com
Cliente_278;cliente278@mail.com
Cliente_279;cliente279@mail.com
Cliente_280;cliente280@mail.com
Cliente_281;cliente281@mail.com
Cliente_282;cliente282@mail.com
Cliente_283;cliente283@mail.com
Cliente_284;cliente284@mail.com
Cliente_285;cliente285@mail.com
Cliente_286;cliente286@mail.com
Cliente_287;cliente287@mail.com
Cliente_288;cliente288@mail.com
Cliente_289;cliente289@mail.com
Cliente_290;cliente290@mail.com
Cliente_291;cliente291@mail.com
Cliente_292;cliente292@mail.com
Cliente_293;cliente293@mail.com
Cliente_294;cliente294@mail.com
Cliente_295;cliente295@mail.com
Cliente_296;cliente296@mail.com
Cliente_297;cliente297@mail.com
Cliente_298;cliente298@mail.com
Cliente_299;cliente299@mail.com
Cliente_300;cliente300@mail.com
Cliente_301;cliente301@mail.com
Cliente_302;cliente302@mail.com
Cliente_303;cliente303@mail.com
Cliente_304;cliente304@mail.com
Cliente_305;cliente305@mail.com
Cliente_306;cliente306@mail.com
Cliente_307;cliente307@mail.com
Cliente_308;cliente308@mail.com
Cliente_309;cliente309@mail.com
Cliente_310;cliente310@mail.com
Cliente_311;cliente311@mail.com
Cliente_312;cliente312@mail.com
Cliente_313;cliente313@mail.com
Cliente_314;cliente314@mail.com
Cliente_315;cliente315@mail.com
Cliente_316;cliente316@mail.com
Cliente_317;cliente317@mail.com
Cliente_318;cliente318@mail.com
Cliente_319;cliente319@mail.com
Cliente_320;cliente320@mail.com
Cliente_321;cliente321@mail.com
Cliente_322;cliente322@mail.com
Cliente_323;cliente323@mail.com
Cliente_324;cliente324@mail.com
Cliente_325;cliente325@mail.com
Cliente_326;cliente326@mail.com
Cliente_327;cliente327@mail.com
Cliente_328;cliente328@mail.com
Cliente_329;cliente329@mail.com
Cliente_330;cliente330@mail.com
Cliente_331;cliente331@mail.com
Cliente_332;cliente332@mail.com
Cliente_333;cliente333@mail.com
Cliente_334;cliente334@mail.com
Cliente_335;cliente335@mail.com
Cliente_336;cliente336@mail.com
Cliente_337;cliente337@mail.com
Cliente_338;cliente338@mail.com
Cliente_339;cliente339@mail.com
Cliente_340;cliente340@mail.com
Cliente_341;cliente341@mail.com
Cliente_342;cliente342@mail.com
Cliente_343;cliente343@mail.com
Cliente_344;cliente344@mail.com
Cliente_345;cliente345@mail.com
Cliente_346;cliente346@mail.com
Cliente_347;cliente347@mail.com
Cliente_348;cliente348@mail.com
Cliente_349;cliente349@mail.com
Cliente_350;cliente350@mail.com
Cliente_351;cliente351@mail.com
Cliente_352;cliente352@mail.com
Cliente_353;cliente353@mail.com
Cliente_354;cliente354@mail.com
Cliente_355;cliente355@mail.com
Cliente_356;cliente356@mail.com
Cliente_357;cliente357@mail.com
Cliente_358;cliente358@mail.com
Cliente_359;cliente359@mail.com
Cliente_360;cliente360@mail.com
Cliente_361;cliente361@mail.com
Cliente_362;cliente362@mail.com
Cliente_363;cliente363@mail.com
Cliente_364;cliente364@mail.com
Cliente_365;cliente365@mail.com
Cliente_366;cliente366@mail.com
Cliente_367;cliente367@mail.com
Cliente_368;cliente368@mail.com
Cliente_369;cliente369@mail.com
Cliente_370;cliente370@mail.com
Cliente_371;cliente371@mail.com
Cliente_372;cliente372@mail.com
Cliente_373;cliente373@mail.com
Cliente_374;cliente374@mail.com
Cliente_375;cliente375@mail.com
Cliente_376;cliente376@mail.com
Cliente_377;cliente377@mail.com
Cliente_378;cliente378@mail.com
Cliente_379;cliente379@mail.com
Cliente_380;cliente380@mail.com
Cliente_381;cliente381@mail.com
Cliente_382;cliente382@mail.com
Cliente_383;cliente383@mail.com
Cliente_384;cliente384@mail.com
Cliente_385;cliente385@mail.com
Cliente_386;cliente386@mail.com
Cliente_387;cliente387@mail.com
Cliente_388;cliente388@mail.com
Cliente_389;cliente389@mail.com
Cliente_390;cliente390@mail.com
Cliente_391;cliente391@mail.com
Cliente_392;cliente392@mail.com
Cliente_393;cliente393@mail.com
Cliente_394;cliente394@mail.com
Cliente_395;cliente395@mail.com
Cliente_396;cliente396@mail.com
Cliente_397;cliente397@mail.com
Cliente_398;cliente398@mail.com
Cliente_399;cliente399@mail.com
Cliente_400;cliente400@mail.com
Cliente_401;cliente401@mail.com
Cliente_402;cliente402@mail.com
Cliente_403;cliente403@mail.com
Cliente_404;cliente404@mail.com
Cliente_405;cliente405@mail.com
Cliente_406;cliente406@mail.com
Cliente_407;cliente407@mail.com
Cliente_408;cliente408@mail.com
Cliente_409;cliente409@mail.com
Cliente_410;cliente410@mail.com
Cliente_411;cliente411@mail.com
Cliente_412;cliente412@mail.com
Cliente_413;cliente413@mail.com
Cliente_414;cliente414@mail.com
Cliente_415;cliente415@mail.com
Cliente_416;cliente416@mail.com
Cliente_417;cliente417@mail.com
Cliente_418;cliente418@mail.com
Cliente_419;cliente419@mail.com
Cliente_420;cliente420@mail.com
Cliente_421;cliente421@mail.com
Cliente_422;cliente422@mail.com
Cliente_423;cliente423@mail.com
Cliente_424;cliente424@mail.com
Cliente_425;cliente425@mail.com
Cliente_426;cliente426@mail.com
Cliente_427;cliente427@mail.com
Cliente_428;cliente428@mail.com
Cliente_429;cliente429@mail.com
Cliente_430;cliente430@mail.com
Cliente_431;cliente431@mail.com
Cliente_432;cliente432@mail.com
Cliente_433;cliente433@mail.com
Cliente_434;cliente434@mail.com
Cliente_435;cliente435@mail.com
Cliente_436;cliente436@mail.com
Cliente_437;cliente437@mail.com
Cliente_438;cliente438@mail.com
Cliente_439;cliente439@mail.com
Cliente_440;cliente440@mail.com
Cliente_441;cliente441@mail.com
Cliente_442;cliente442@mail.com
Cliente_443;cliente443@mail.com
Cliente_444;cliente444@mail.com
Cliente_445;cliente445@mail.com
Cliente_446;cliente446@mail.com
Cliente_447;cliente447@mail.com
Cliente_448;cliente448@mail.com
Cliente_449;cliente449@mail.com
Cliente_450;cliente450@mail.com
Cliente_451;cliente451@mail.com
Cliente_452;cliente452@mail.com
Cliente_453;cliente453@mail.com
Cliente_454;cliente454@mail.com
Cliente_455;cliente455@mail.com
Cliente_456;cliente456@mail.com
Cliente_457;cliente457@mail.com
Cliente_458;cliente458@mail.com
Cliente_459;cliente459@mail.com
Cliente_460;cliente460@mail.com
Cliente_461;cliente461@mail.com
Cliente_462;cliente462@mail.com
Cliente_463;cliente463@mail.com
Cliente_464;cliente464@mail.com
Cliente_465;cliente465@mail.com
Cliente_466;cliente466@mail.com
Cliente_467;cliente467@mail.com
Cliente_468;cliente468@mail.com
Cliente_469;cliente469@mail.com
Cliente_470;cliente470@mail.com
Cliente_471;cliente471@mail.com
Cliente_472;cliente472@mail.com
Cliente_473;cliente473@mail.com
Cliente_474;cliente474@mail.com
Cliente_475;cliente475@mail.com
Cliente_476;cliente476@mail.com
Cliente_477;cliente477@mail.com
Cliente_478;cliente478@mail.com
Cliente_479;cliente479@mail.com
Cliente_480;cliente480@mail.com
Cliente_481;cliente481@mail.com
Cliente_482;cliente482@mail.com
Cliente_483;cliente483@mail.com
Cliente_484;cliente484@mail.com
Cliente_485;cliente485@mail.com
Cliente_486;cliente486@mail.com
Cliente_487;cliente487@mail.com
Cliente_488;cliente488@mail.com
Cliente_489;cliente489@mail.com
Cliente_490;cliente490@mail.com
Cliente_491;cliente491@mail.com
Cliente_492;cliente492@mail.com
Cliente_493;cliente493@mail.com
Cliente_494;cliente494@mail.com
Cliente_495;cliente495@mail.com
Cliente_496;cliente496@mail.com
Cliente_497;cliente497@mail.com
Cliente_498;cliente498@mail.com
Cliente_499;cliente499@mail.com
Cliente_500;cliente500@mail.com
